{
  "val": {
    "n": 24583,
    "pos": 410,
    "sens": 0.5926829268292683,
    "spec": 0.9501096264427253,
    "prec": 0.16770186335403728,
    "f1": 0.2614308768154922,
    "auc": 0.9039715748168943,
    "acc": 0.9441483952324777
  },
  "test": {
    "n": 75439,
    "pos": 958,
    "sens": 0.6847599164926931,
    "spec": 0.8682751305702125,
    "prec": 0.06267316327505494,
    "f1": 0.11483588621444202,
    "auc": 0.8406153392891474,
    "acc": 0.8659446705285064
  }
}